epoch,accuracy,loss,val_accuracy,val_loss,class_1_val_acc,class_2_val_acc
0,0.904,0.23147169159085024,0.915,0.17707791198627093,0.915,0.17707791198627093,0.9925,0.9925
1,0.963,0.11074565320159309,0.9125,0.20583389989333228,0.9125,0.20583389989333228,0.83,0.83
2,0.981,0.04572011867909168,0.9812500000000001,0.056550148696214816,0.9812500000000001,0.056550148696214816,0.995,0.995
